端游名称(中文),总搜索次数(7-8月),7月搜索,8月搜索,8月相对增长,相关性
ROBLOX,"1,449,425","232,589","135,440",0.6倍,高
我的世界,"1,245,393","558,094","399,175",0.7倍,高
植物大战僵尸,"1,162,913","303,346","339,423",1.1倍,高
绝地求生PUBG,"802,346",0,0,新词,高
NBA2K,"615,210","36,215","23,807",0.7倍,高
欧洲卡车模拟器,"539,890","54,131","40,481",0.7倍,高
GTA侠盗猎车手,"511,353",0,0,新词,高
恐怖奶奶,"466,534","112,651","118,503",1.1倍,中
方舟生存进化,"308,726","44,357","33,384",0.8倍,高
网络天才,"288,375","200,684","46,329",0.2倍,高
诅咒之岛,"273,088","159,723","82,339",0.5倍,高
漫威蜘蛛侠,"269,438","6,140","28,529",4.6倍,高
三角洲行动,"229,474","33,125","32,329",1.0倍,高
模拟农场,"208,659","51,676","34,225",0.7倍,高
波比的游戏时间,"198,555","45,143","32,272",0.7倍,高
饥荒,"177,770","80,521","82,647",1.0倍,高
反恐精英CS2,"162,694",0,0,新词,高
火影究极风暴,"152,533",0,0,新词,中
木筏求生,"151,346","55,793","43,603",0.8倍,高
生存战争,"143,019","58,618","48,112",0.8倍,中
后室,"138,295","80,932","52,582",0.6倍,中
车祸模拟器,"137,381","54,982","55,553",1.0倍,中
暗区突围,"112,108","25,360","24,984",1.0倍,高
海贼无双,"101,348",0,0,新词,中
模拟山羊,"96,114","39,702","30,854",0.8倍,高
使命召唤,"94,527","33,018","26,253",0.8倍,高
超市模拟器,"94,277","70,656","13,956",0.2倍,高
星露谷物语,"87,183","20,483","16,700",0.8倍,高
全面战争,"79,933","13,574","11,535",0.8倍,高
战争雷霆,"76,042","40,079","31,938",0.8倍,高
战地系列,"71,019",0,0,新词,高
拳皇,"64,877","31,364","19,342",0.6倍,高
荒野大镖客,"55,326","25,607","23,126",0.9倍,高
杀戮尖塔,"50,715","24,353","17,368",0.7倍,高
极限竞速,"46,814",0,0,新词,高
原神,"44,999","24,183","20,816",0.9倍,中
无畏契约,"44,434","22,675","14,104",0.6倍,高
实况足球,"37,893","13,561","9,711",0.7倍,高
泰拉瑞亚,"36,922","19,408","17,514",0.9倍,高
模拟人生,"35,028","16,974","8,576",0.5倍,高
红色警戒,"34,835","7,339","5,541",0.8倍,高
三国杀,"29,540","17,260","12,280",0.7倍,高
穿越火线,"29,089","7,454","6,446",0.9倍,高
文明,"26,758","11,455","9,727",0.8倍,高
三国志,"24,771","13,032","11,739",0.9倍,高
龙珠格斗,"21,732",0,0,新词,高
森林之子,"21,372","3,578","2,957",0.8倍,高
3D驾驶,"21,041","3,107","2,442",0.8倍,中
空洞骑士,"20,932","10,933","9,999",0.9倍,高
玩具熊的五夜后宫,"20,867","2,843","2,208",0.8倍,高
彩虹六号,"20,333","9,740","5,184",0.5倍,高
热血传奇,"19,570",0,0,新词,高
生化危机,"19,521","11,408","8,113",0.7倍,高
黑神话悟空,"17,370","5,496","5,086",0.9倍,高
钢铁雄心,"16,981","6,563","5,032",0.8倍,高
恐鬼症,"15,107","8,151","6,956",0.9倍,高
堡垒之夜,"15,040","5,570","9,470",1.7倍,高
星际争霸,"14,842",0,0,新词,高
求生之路,"14,534","6,950","4,974",0.7倍,高
EAFC,"14,063",0,0,新词,高
