鲸云游戏名称,游玩人数,注册人数,Steam对应游戏,appid,备注
尖叫才能跑MustScream（联机）,"14,144","9,210",尖叫才能跑 MustScream,—,Roblox类联机恐怖，未收录Steam采集
超级变色龙躲猫猫（联机）,"12,948","8,272",超级变色龙躲猫猫,—,Roblox类联机休闲，未收录Steam采集
伯吉的温馨厨房：汉堡店模拟器,"5,502","4,329",伯吉温馨厨房汉堡店模拟器,—,小型模拟器，未收录Steam采集
午夜轮班（联机）,"5,742","3,935",午夜轮班,—,联机恐怖小游戏，未收录Steam采集
极限竞速：地平线5（全车包）,"5,284","3,467",极限竞速：地平线5,1551360,Steam在榜，148GB
漫威蜘蛛侠2,"4,550","2,984",漫威蜘蛛侠2,2651280,Steam在榜，104GB
恐龙岛：正式服（免号版）,"3,386","2,112",恐龙岛 The Isle,376210,The Isle 中文俗称，Steam在榜
人渣 SCUM（全DLC版）,"3,179","2,073",人渣 SCUM,513710,Steam在榜，88.76GB
漫威蜘蛛侠：迈尔斯莫拉莱斯,"2,511","1,594",漫威蜘蛛侠：迈尔斯,1817190,Steam在榜，61.6GB
ghzs,"2,723","1,420",ghzs,—,平台内代号，未识别
排水模拟器,"2,083","1,355",排水模拟器,—,未收录Steam采集
怪兽巢穴（恐龙岛-巨兽岛）,"1,981","1,299",怪兽巢穴（恐龙岛MOD）,376210,恐龙岛衍生内容，关联The Isle
机械狂欢（联机）,"2,005","1,290",机械狂欢 Machine Party,4108000,Steam新游，7/30发售，1.35GB
检疫区：最后一站（隔离区边境丧尸检查官）,"2,018","1,225",检疫区：最后一站,—,小型独立，未收录Steam采集
遨游中国2 重制版,"1,844","1,089",遨游中国2 重制版,227300,基于欧卡2的国产MOD，关联ETS2
NBA2K26,"1,611","1,079",NBA2K26,3472040,Steam在榜，72.23GB
黑神话：悟空（Steam自备账号）,"1,679","1,064",黑神话悟空,2358720,Steam在榜，139.57GB
欧洲卡车模拟器2,"1,479",960,欧洲卡车模拟器2,227300,Steam在榜，35.22GB
双人成行,"1,436",957,双人成行,1426210,Steam在榜，44.8GB
R.E.P.O.（联机）,"1,516",951,R.E.P.O.,3241660,Steam在榜，1.39GB
