中文名称,游戏名称(原名),appid,开发者,玩法标签,发行日期,近一年内上线,安装大小,当前在线(8/25),近一年峰值,峰值日期,独立游戏,最低配置,推荐配置
机械狂欢,Machine Party,4108000,Mike Klubnika/GDeavid,派对/恐怖/合作/PvP/独立,2026-07-30,是,1.35GB,"1,514","22,629",2026-08-04,是,Win11/双核2.4GHz/8GB/RX6500XT或GTX1660/1GB,
渔力全开,How to Fish,4001890,Dazed Games,钓鱼/合作/物理/独立,2026-08-20,是,0.61GB,"136,349","341,691",2026-08-24,是,Win10/i5-5257U或R3 1200/8GB/GTX1050/1GB,
大漫步,Big Walk,1478500,House House,合作解谜/开放世界/探索/独立团队,2026-08-04,是,7.23GB,"5,550","46,409",2026-08-05,是,Win10/i7-7700K或R5 1600X/12GB/GTX750Ti 2GB,Win11/i5-10600K/16GB/GTX1070
雾之领域,Fields of Mistria,2142790,NPC Studio,农场模拟/生活/像素/独立,2026-08-05(正式),是,1.21GB,"11,156","39,233",2026-08-09,是,Win10/E6400/6GB/GTX460 1GB/2GB,Win10/R3 3300X/8GB/RX480/2GB
致命躯壳2,Mortal Shell II,2584270,Cold Symmetry,魂系/黑暗奇幻/动作RPG,2026-08-20,是,68.07GB,"15,035","44,486",2026-08-23,是(出身),Win10/i7-10700K或R5 3600/16GB/RTX2060S 8GB/70GB SSD,
无间地狱2,No More Room in Hell 2,292000,Torn Banner Studios,生存恐怖/合作/丧尸/独立,2026-08-11(正式),是,23.43GB,0,"16,330",2026-08-23,是,Win10/i5-6600或R3 1200/12GB/GTX1650/35GB,Win10/i7-10700K/16GB/RTX2070/35GB
任务栏英雄,TBH: Task Bar Hero,3678970,Nugem Studio,挂机/自动战斗/桌面/独立/免费,2026-05-27,是,0.55GB,0,"546,130",2026-06-18,是,Win10/i3-6100/8GB/GTX750Ti 2GB/2GB,Win10/i5-8400/16GB/GTX1060/3GB
杀戮尖塔2,Slay the Spire 2,2868840,Mega Crit,卡组构筑/Roguelike/策略/独立/EA,2026-03-05,是,2.71GB,0,"574,638",2026-03-08,是,Win10/双核2GHz/4GB/DX12或Vulkan 1GB显存/4GB,Win10/四核3GHz/8GB/2GB显存/4GB
极限竞速：地平线6,Forza Horizon 6,2483190,Playground Games,竞速/开放世界/驾驶/大厂,2026-05-18,是,167.0GB,"11,407","302,645",2026-05,否,Win10/i5-8400或R5 1600/16GB/GTX1650/167GB,Win10/i5-12400F/16GB/RTX3060Ti/167GB
NBA 2K26,NBA 2K26,3472040,Visual Concepts,体育/篮球/模拟/大厂,2025-09-05,是,72.23GB,"13,949","52,863",2026-05-25,否,Win10/i3-9100或R3 1200/8GB/GTX1060 5GB/110GB,Win11/i5-10600/16GB/RTX2070/110GB
ARC突袭者,ARC Raiders,1808500,Embark Studios,撤离射击/PvPvE/科幻/在线游戏,2025-10-30,是,53.11GB,"13,599","481,966",2025-11-16,否,Win10/i5-6600K/12GB/GTX1050Ti,Win10/i5-9600K/16GB/RTX2070
幻兽帕鲁,Palworld,1623730,Pocketpair,开放世界/生存/制作/收集/独立,2026-07-10(正式),是,38.35GB,"106,838","2,101,867",2024-01-27(EA),是,Win10/i5-9400F/16GB/GTX1660/40GB,Win11/i5-12400/32GB/RTX3060Ti/40GB
R.E.P.O.,R.E.P.O.,3241660,semiwork,恐怖/在线合作/物理/独立/EA,2025-02-26,否,1.39GB,"10,392","271,571",2025-03-23,是,Win10/i5-6600/8GB/GTX970/1GB,Win11/i7-8700/8GB/GTX1070/1GB
僵尸毁灭工程,Project Zomboid,108600,The Indie Stone,生存/僵尸/开放世界/独立,2013-11-08,否,9.64GB,"48,492","124,995",2026-08-09,是,Win10/2.77GHz四核/8GB/独显4GB显存/10GB,
以撒的结合：重生,The Binding of Isaac: Rebirth,250900,Nicalis/Edmund,动作Roguelike/像素/独立,2014-11-04,否,3.15GB,0,"156,156",2026-07-07,是,WinXP/Core2Duo/2GB/独显/449MB,Win8/2.4GHz四核/8GB/Intel HD4000/449MB
街头霸王6,Street Fighter 6,1364780,CAPCOM,格斗/竞技/街机/大厂,2023-06-02,否,105.1GB,0,"72,977",2026-05-28,否,Win10/i5-7500或R3 1200/8GB/GTX1060 6GB/60GB,Win10/i7-8700/16GB/RTX2070/60GB
欧洲卡车模拟器2,Euro Truck Simulator 2,227300,SCS Software,驾驶/模拟/开放世界/大厂,2012-10-18,否,35.22GB,"14,812","73,887",2026-02-22,否,Win10/i5-6400/8GB/GTX660/25GB,Win10/i5-9600/12GB/GTX1660/25GB
巅峰,PEAK,3527290,Team PEAK,合作/物理/动作Rogue/独立,2025-06-16,否,3.58GB,"26,719","170,759",2025-08-17,是,Win10/i5 2.5GHz/8GB/GTX1060/4GB,Win11/i5 3GHz/16GB/RTX2060/6GB
人渣,SCUM,513710,Gamepires,开放世界生存/僵尸/大型多人在线,2025-06-17,否,88.76GB,0,"68,322",2020-04,是,Win10/i5-4430/16GB/GTX1060 3GB/80GB,Win10/i5-6600K/16GB/RTX2060/80GB
邦戈猫,Bongo Cat,3419430,Irox Games,桌面伴侣/挂机/休闲/独立/免费,2025-03-05,否,1.16GB,0,"194,508",2025-05-04,是,Win10/i5-5200/1GB/任意显卡/100MB,Win10/i5-10500/2GB/任意显卡/100MB
漫威蜘蛛侠2,Marvel's Spider-Man 2,2651280,Insomniac Games/Nixxes,动作/开放世界/超级英雄/单人/3A,2025-01-30,否,104.05GB,"4,561","28,189",2025-02-02,否,Win10/i3-8100/16GB/GTX1650/140GB SSD,Win10/i5-8400/16GB/RTX3060/140GB SSD
天国：拯救2,Kingdom Come: Deliverance II,1771300,Warhorse Studios,RPG/中世纪/开放世界/大厂,2025-02-04,否,163.29GB,0,"256,206",2025-02-09,否,Win10/i5-8400或R5 2600/16GB/GTX1060 6GB/100GB,Win10/i7-13700K/32GB/RTX4070/100GB
黑神话：悟空,Black Myth: Wukong,2358720,Game Science,动作RPG/魂类/神话/单人/3A,2024-08-20,否,139.57GB,"25,264","2,415,714",2024-08-22,否,Win10/i5-8400或R5 1600/16GB/GTX1060 6GB/130GB,Win10/i7-9700/16GB/RTX2060/130GB
地狱潜兵2,HELLDIVERS 2,553850,Arrowhead/PS,合作射击/PvE/科幻/大厂,2024-02-08,否,26.11GB,"37,236","458,709",2024-02-24,否,Win10/i7-4790K或R5 1500X/8GB/GTX1050Ti/135GB,Win10/i7-9700K/16GB/RTX2060/40GB
模拟农场25,Farming Simulator 25,2300320,GIANTS Software,农场模拟/写实/大厂,2024-11-12,否,38.96GB,"11,391","135,970",2024-11-17,否,Win10/i5-6400或R5 1400/8GB/GTX1050Ti/50GB,Win10/i7-10700/12GB/RTX2070/50GB
潜行者2：切尔诺贝利之心,S.T.A.L.K.E.R. 2,1643320,GSC Game World,开放世界FPS/生存/后末日/大厂,2024-11-20,否,174.34GB,"11,457","121,335",2024-11-24,否,Win10/i7-7700K/16GB/GTX1060 6GB/160GB,Win10/i7-11700/32GB/RTX3070Ti/160GB
星露谷物语,Stardew Valley,413150,ConcernedApe,农场模拟/像素/生活模拟/独立,2016-02-26,否,1.97GB,"51,706","236,614",2024-03-24,是,WinVista/2GHz/2GB/256MB显存/500MB,
博德之门3,Baldur's Gate 3,1086940,Larian Studios,CRPG/回合制/策略/奇幻/大厂,2023-08-03,否,144.67GB,"30,379","875,343",2023-08-06,否,Win10/i5-4690或FX8350/8GB/GTX970/150GB,Win10/i7-8700K/16GB/RTX2060S/150GB
赛博朋克2077,Cyberpunk 2077,1091500,CD PROJEKT RED,开放世界RPG/赛博朋克/单人/大厂,2020-12-10,否,61.81GB,"29,057","1,054,388",2020-12-10,否,Win10/i7-6700或R5 1600/12GB/GTX1060 6GB/70GB,Win10/i7-12700/16GB/RTX2060S/70GB
七日杀,7 Days to Die,251570,The Fun Pimps,生存/僵尸/体素建造/独立,2024-07-25,否,19.43GB,"16,932","125,419",2024-07-28,是,Win10/2.77GHz四核/8GB/独显4GB显存/10GB,N/A(推荐存储15GB)
泰拉瑞亚,Terraria,105600,Re-Logic,沙盒/开放世界生存建造/像素/独立,2011-05-16,否,2.32GB,0,"489,886",2020-05-16,是,WinXP/2GHz/2.5GB/128MB显存/200MB,双核3GHz/4GB/256MB显存/200MB
GTA5,Grand Theft Auto V,271590,Rockstar North,开放世界/动作/犯罪/大厂,2015-04-13,否,120.19GB,0,"364,548",2015-04-19,否,Win10/Q6600/4GB/9800GT 1GB/125GB,Win10/i5-3470/8GB/GTX660/125GB
艾尔登法环,ELDEN RING,1245620,FromSoftware,魂系/开放世界/动作RPG/大厂,2022-02-24,否,69.96GB,0,"953,426",2022-03-05,否,Win10/i5-8400/12GB/GTX1060 3GB/60GB,Win10/i7-8700K/16GB/GTX1070/60GB
求生之路2,Left 4 Dead 2,550,Valve,合作射击/僵尸/恐怖/大厂,2009-11-17,否,25.15GB,"20,067","162,399",2013-12-26,否,Win7/奔腾4 3GHz/2GB/128MB显存/13GB,Win7/酷睿2 2.4GHz/2GB/7600/13GB
收获日2,PAYDAY 2,218620,OVERKILL/Starbreeze,合作/劫案/射击/大厂,2013-08-13,否,34.91GB,0,"247,709",2017-06-11,否,Win10/2GHz双核/4GB/1GB显存/32GB,Win11/2.3GHz四核/8GB/2GB显存/32GB
骑马与砍杀2,Mount & Blade II: Bannerlord,261550,TaleWorlds,中世纪/沙盒/策略/动作,2022-10-25,否,110.28GB,0,"248,216",2020-04-04,否,Win7/i3-8100/6GB/GTX660/60GB,Win10/i5-9600K/8GB/GTX1060/60GB
英灵神殿,Valheim,892970,Iron Gate AB,开放世界生存建造/维京/独立,2021-02-02,否,1.48GB,0,"502,387",2021-02-21,是,Win10/2.6GHz四核/8GB/GTX950/1GB,Win10/i5 3GHz/16GB/GTX1060/1GB
双人成行,It Takes Two,1426210,Hazelight/EA,合作/分屏/解谜/冒险/大厂,2021-03-26,否,44.8GB,"5,263","71,039",2024-12-21,否,Win8.1/i3-2100T/8GB/GTX660/50GB,Win8.1/i5-3570K/16GB/GTX980/50GB
极限竞速：地平线5,Forza Horizon 5,1551360,Playground Games,竞速/开放世界/驾驶/大厂,2021-11-09,否,148.23GB,"3,576","81,096",2021-11-13,否,Win10/i5-4460/8GB/GTX970/110GB,Win10/i5-8400/16GB/GTX1070/110GB
恐龙岛,The Isle,376210,Afterthought LLC,恐龙生存/开放世界/多人在线/独立,2015-12-02,否,20.7GB,0,"27,398",2026-08-23,是,Win7/四核3GHz/8GB/GTX960/25GB,Win10/四核3.4GHz/16GB/GTX1070/25GB
漫威蜘蛛侠：迈尔斯,Marvel's Spider-Man: Miles Morales,1817190,Insomniac/Nixxes,动作/开放世界/超级英雄/大厂,2022-11-18,否,61.6GB,0,"13,539",2022-11-19,否,Win10/i3-4160/8GB/GTX950/75GB,Win10/i5-4670/16GB/GTX1060 6GB/75GB
文明6,Sid Meier's Civilization VI,289070,Firaxis Games,策略/回合制/历史/大厂,2016-10-21,否,96.23GB,0,"162,657",2016-10-22,否,Win7/i3 2.5GHz/4GB/1GB显存/17GB,Win7/四代i5/8GB/2GB显存/23GB
异星工厂,Factorio,427520,Wube Software,自动化/基地建造/沙盒/独立,2020-08-14,否,21.45GB,"10,914","118,674",2024-10-27,是,Win10/四核3GHz/8GB/GTX750Ti/5GB,Win10/四核4GHz/16GB/GTX1050Ti/10GB
钢铁雄心4,Hearts of Iron IV,394360,Paradox,策略/大战略/二战,2016-06-06,否,6.25GB,"20,309","93,196",2024-11-16,否,Win10/i5-750或FX4300/4GB/GTX470/2GB,Win10/i5-2500K/6GB/GTX570/2GB
全面战争：战锤3,Total War: WARHAMMER III,1142710,Creative Assembly/SEGA,策略/RTS/奇幻,2022-02-17,否,84.32GB,"20,309","166,754",2022-02-17,否,Win7/i3系列/6GB/GTX900系列/120GB,Win10/i5系列/8GB/GTX1660Ti/120GB
环世界,RimWorld,294100,Ludeon Studios,殖民地模拟/生存/独立,2018-10-17,否,1.07GB,"22,669","96,040",2025-07-20,是,Win7/Core2Duo/4GB/Intel HD4000/1GB,
十字军之王3,Crusader Kings III,1158310,Paradox,策略/大战略/中世纪,2020-09-01,否,17.51GB,"16,628","98,872",2020-09-06,否,Win10/i5-750/8GB/GTX660/20GB,Win10/i5-8400/16GB/GTX970/20GB
饥荒联机版,Don't Starve Together,322330,Klei Entertainment,生存/合作/独立,2016-04-21,否,1.5GB,"19,633","122,662",2026-08,是,WinVista/1.7GHz/1GB/HD5450 256MB/3GB,
上古卷轴5：天际 特别版,Skyrim Special Edition,489830,Bethesda,开放世界RPG/奇幻,2016-10-28,否,14.99GB,"22,464","69,906",2016-10-30,否,Win7/i5-750/8GB/GTX470 1GB/12GB,Win7/i5-2400/8GB/GTX780 3GB/12GB
盖瑞模组,Garry's Mod,4000,Facepunch/Valve,沙盒/物理/独立,2006-11-29,否,7.03GB,"16,552","73,863",2015-01-02,是,Win10/2GHz/4GB/1GB显存/10GB,Win10/2.5GHz/8GB/4GB显存/25GB
几何冲刺,Geometry Dash,322170,RobTop Games,音乐/平台跳跃/独立,2014-12-22,否,0.31GB,"22,997","109,993",2026-03-07,是,WinXP/2GHz/512MB/OpenGL2.0/100MB,
未转变者,Unturned,304930,Smartly Dressed Games,生存/僵尸/免费/独立,2017-07-07,否,2.58GB,"14,558","112,703",2023-01-28,是,Win7/3GHz/8GB/4GB,Win10/4GHz/16GB/6GB
BeamNG.drive,BeamNG.drive,284160,BeamNG,驾驶模拟/物理/独立,2015-05-29,否,49.95GB,"12,254","47,424",2026-07-29,是,Win10/R5 1600或i5-8400/16GB/RX570或GTX1060 6GB/60GB,Win10/R7 3700X/32GB/RTX3060 8GB/60GB
幸福工厂,Satisfactory,526870,Coffee Stain Studios,自动化/基地建造/独立,2024-09-10,否,28.12GB,"11,328","186,158",2024-09-15,是,Win10/i5-3570/8GB/GTX1650/20GB,Win11/R5 5600X或i5-12400/16GB/RTX2070/20GB
帝国时代2：决定版,Age of Empires II: DE,813780,World's Edge/Xbox,RTS/历史/策略,2019-11-14,否,14.32GB,"13,967","38,725",2021-01-30,否,Win10/Core2Duo或Athlon64x2/4GB/GT420/15GB,Win10/i5 2.4GHz/8GB/GTX650/15GB
文明5,Sid Meier's Civilization V,8930,Firaxis/2K,策略/回合制/历史,2010-09-21,否,4.93GB,"10,355","91,363",2013-07-20,否,WinVista/Core2Duo 1.8GHz/2GB/256MB显存/8GB,四核1.8GHz/4GB/512MB显存/8GB
模拟人生4,The Sims 4,1222670,Maxis/EA,生活模拟/免费,2014-09-02,否,26.14GB,"18,930","96,328",2022-10-23,否,Win10/i3-3220或R3 1200/4GB/128MB显存/26GB,Win10/i5四核/8GB/1GB显存/51GB
边狱公司,Limbus Company,1973530,ProjectMoon,回合制RPG/剧情/免费,2023-02-26,否,9.71GB,"26,453","157,444",2026-07-09,是(小团队),Win10/i5/8GB/GT1030/10GB,Win10/i5/8GB/GT1030/10GB
无人深空,No Man's Sky,275850,Hello Games,太空探索/生存/独立,2016-08-12,否,15.0GB,0,"212,321",2016-08,是,Win10/i3/8GB/GTX1060 3GB/15GB,
森林,The Forest,242760,Endnight Games,生存恐怖/建造/独立,2018-04-30,否,5.54GB,0,"109,397",2024-12-28,是,Win7/双核2.4GHz/4GB/8800GT/5GB,Win7/四核/4GB/GTX560/5GB
