游戏,appid,搜索源,鲸云源,Steam源,玩法标签,独立游戏,发行日期,安装大小,历史峰值,判定/说明,最低配置,推荐配置
机械狂欢 Machine Party,4108000,✅,✅,✅,派对/恐怖/合作,是,2026-07-30,1.35GB,"22,629",🔥 今夏最大黑马，两周破百万销量,Win11/双核2.4GHz/8GB/RX6500XT或GTX1660/1GB,
R.E.P.O.,3241660,✅,✅,✅,恐怖/合作/物理,是,2025-02-26,1.39GB,"271,571",🔥 联机恐怖神作，Steam当前1万在线,Win10/i5-6600/8GB/GTX970/1GB,Win11/i7-8700/8GB/GTX1070/1GB
漫威蜘蛛侠2,2651280,✅,✅,✅,动作/开放世界,否,2025-01-30,104GB,"28,189",🔥 电影《英雄新纪元》带动，搜索+3.85倍,Win10/i3-8100/16GB/GTX1650/140GB,Win10/i5-8400/16GB/RTX3060/140GB
黑神话悟空,2358720,✅,✅,✅,动作RPG/魂类,否,2024-08-20,139.57GB,"2,415,714",🔥 国产3A巅峰，Steam当前2.5万在线,Win10/i5-8400/16GB/GTX1060 6GB/130GB,Win10/i7-9700/16GB/RTX2060/130GB
NBA2K26,3472040,✅,✅,✅,体育/篮球,否,2025-09-05,72.23GB,"52,863",🟡 搜索回落但Steam仍热,Win10/i3-9100/8GB/GTX1060 5GB/110GB,Win11/i5-10600/16GB/RTX2070/110GB
欧洲卡车模拟器2,227300,✅,✅,✅,驾驶/模拟,否,2012-10-18,35.22GB,"73,887",🟢 长青模拟，当前1.5万在线,Win10/i5-6400/8GB/GTX660/25GB,Win10/i5-9600/12GB/GTX1660/25GB
双人成行,1426210,✅,✅,✅,合作/解谜,否,2021-03-26,44.8GB,"71,039",🟢 双人合作标杆,Win8.1/i3-2100T/8GB/GTX660/50GB,Win8.1/i5-3570K/16GB/GTX980/50GB
极限竞速：地平线5,1551360,✅,✅,✅,竞速/开放世界,否,2021-11-09,148.23GB,"81,096",🟢 竞速标杆,Win10/i5-4460/8GB/GTX970/110GB,Win10/i5-8400/16GB/GTX1070/110GB
恐龙岛 The Isle,376210,✅,✅,✅,恐龙生存,是,2015-12-02,20.7GB,"27,398",🟡 8/23创峰值2.7万，暑期回热,Win7/四核3GHz/8GB/GTX960/25GB,Win10/四核3.4GHz/16GB/GTX1070/25GB
人渣 SCUM,513710,✅,✅,✅,开放世界生存,是,2025-06-17,88.76GB,"68,322",🟡 搜索回落但长线玩家,Win10/i5-4430/16GB/GTX1060 3GB/80GB,Win10/i5-6600K/16GB/RTX2060/80GB
漫威蜘蛛侠：迈尔斯,1817190,✅,✅,✅,动作/开放世界,否,2022-11-18,61.6GB,"13,539",🟡 随蜘蛛侠IP热连带,Win10/i3-4160/8GB/GTX950/75GB,Win10/i5-4670/16GB/GTX1060 6GB/75GB
幻兽帕鲁 Palworld,1623730,✅,—,✅,开放世界生存/收集,是,2026-07-10(正式),38.35GB,"2,101,867",🔥 Steam当前10.7万在线，7/10转正后回热,Win10/i5-9400F/16GB/GTX1660/40GB,Win11/i5-12400/32GB/RTX3060Ti/40GB
渔力全开 How to Fish,4001890,✅,—,✅,钓鱼/合作,是,2026-08-20,0.61GB,"341,691",🔥 8/20上线即爆，当前13.6万在线，本周最大新游,Win10/i5-5257U/8GB/GTX1050/1GB,
Mortal Shell II,2584270,✅,—,✅,魂系/动作RPG,是,2026-08-20,68.07GB,"44,486",🔥 8/20发售，首周峰值4.4万,Win10/i7-10700K或R5 3600/16GB/RTX2060S/70GB,
Big Walk,1478500,✅,—,✅,合作解谜/探索,是,2026-08-04,7.23GB,"46,409",🔥 8/4发售，首周峰值4.6万（鹅作剧工作室）,Win10/i7-7700K或R5 1600X/12GB/GTX750Ti,Win11/i5-10600K/16GB/GTX1070
Fields of Mistria,2142790,✅,—,✅,农场模拟/生活,是,2026-08-05,1.21GB,"39,233",🔥 正式版8/5，首周峰值3.9万,Win10/E6400/6GB/GTX460/2GB,Win10/R3 3300X/8GB/RX480/2GB
